{
  "_config": {
    "release": "gemma-scope-2-4b-pt-res",
    "depths": {
      "9": {
        "sae_id": "layer_9_width_65k_l0_medium",
        "store": "/data/stores/bcc-phase0/gemma3_4b_l9_65k_pile"
      },
      "17": {
        "sae_id": "layer_17_width_65k_l0_medium",
        "store": "/data/stores/bcc-phase0/gemma3_4b_l17_65k_pile"
      },
      "22": {
        "sae_id": "layer_22_width_65k_l0_medium",
        "store": "/data/stores/bcc-phase0/gemma3_4b_l22_65k_pile"
      },
      "29": {
        "sae_id": "layer_29_width_65k_l0_medium",
        "store": "/data/stores/bcc-phase0/gemma3_4b_l29_65k_pile"
      }
    }
  },
  "month": {
    "n_labeled_tokens": 5121,
    "members": {
      "9": [
        7871,
        10909,
        11864,
        14587,
        16371,
        25161,
        33911,
        35641,
        45811,
        59147,
        63758
      ],
      "17": [
        11426,
        12130,
        14834,
        16646,
        20584,
        28078
      ],
      "22": [
        4880,
        9730,
        15084,
        15940,
        21800,
        30966,
        31724,
        35148,
        44815,
        46371,
        48450,
        62930
      ],
      "29": [
        8982,
        17595,
        19566,
        23778,
        26092,
        30361,
        51606,
        51803,
        52755,
        55855,
        57762,
        60411
      ]
    },
    "pairs": {
      "9->17": {
        "principal_cos": [
          0.4013,
          0.2748,
          0.1223,
          0.0847,
          0.076,
          0.0399
        ],
        "mean_cos2": 0.0443,
        "span_null_mean": 0.04,
        "span_p": 0.33466532826423645,
        "cca_corrs": [
          0.853,
          0.576,
          0.1729,
          0.0994,
          0.0613,
          0.0318
        ],
        "cca_mean": 0.2991,
        "cca_p": 0.004975124262273312,
        "procrustes_heldout_r2": 0.051,
        "codemap_heldout_r2_ab": 0.1364,
        "codemap_heldout_r2_ba": 0.0969,
        "codemap_null_max": -0.0004,
        "codemap_p": 0.004975124262273312,
        "verdict": "correspondence without raw-basis span match (BSC-native)"
      },
      "9->22": {
        "principal_cos": [
          0.2578,
          0.2172,
          0.1908,
          0.1437,
          0.1329,
          0.1152,
          0.0965,
          0.0891,
          0.0512,
          0.036,
          0.0055
        ],
        "mean_cos2": 0.0203,
        "span_null_mean": 0.0233,
        "span_p": 0.42657342553138733,
        "cca_corrs": [
          0.9837,
          0.9768,
          0.9748,
          0.9703,
          0.9629,
          0.9598,
          0.9587,
          0.9502,
          0.9187,
          0.8981,
          0.3968
        ],
        "cca_mean": 0.9046,
        "cca_p": 0.004975124262273312,
        "procrustes_heldout_r2": 0.6589,
        "codemap_heldout_r2_ab": 0.8342,
        "codemap_heldout_r2_ba": 0.9019,
        "codemap_null_max": -0.0014,
        "codemap_p": 0.004975124262273312,
        "verdict": "correspondence without raw-basis span match (BSC-native)"
      },
      "9->29": {
        "principal_cos": [
          0.1903,
          0.1749,
          0.1315,
          0.119,
          0.1124,
          0.1058,
          0.0898,
          0.0751,
          0.0616,
          0.0413,
          0.015
        ],
        "mean_cos2": 0.0129,
        "span_null_mean": 0.0162,
        "span_p": 0.4285714328289032,
        "cca_corrs": [
          0.9545,
          0.9498,
          0.9462,
          0.9418,
          0.9362,
          0.9286,
          0.9137,
          0.9024,
          0.8892,
          0.867,
          0.3758
        ],
        "cca_mean": 0.8732,
        "cca_p": 0.004975124262273312,
        "procrustes_heldout_r2": 0.6361,
        "codemap_heldout_r2_ab": 0.7364,
        "codemap_heldout_r2_ba": 0.8285,
        "codemap_null_max": -0.0019,
        "codemap_p": 0.004975124262273312,
        "verdict": "correspondence without raw-basis span match (BSC-native)"
      },
      "17->22": {
        "principal_cos": [
          0.3415,
          0.1584,
          0.1177,
          0.0621,
          0.048,
          0.0214
        ],
        "mean_cos2": 0.027,
        "span_null_mean": 0.0292,
        "span_p": 0.3586413562297821,
        "cca_corrs": [
          0.8748,
          0.634,
          0.2101,
          0.0942,
          0.0645,
          0.038
        ],
        "cca_mean": 0.3193,
        "cca_p": 0.004975124262273312,
        "procrustes_heldout_r2": 0.0303,
        "codemap_heldout_r2_ab": 0.1006,
        "codemap_heldout_r2_ba": 0.1607,
        "codemap_null_max": -0.0002,
        "codemap_p": 0.004975124262273312,
        "verdict": "correspondence without raw-basis span match (BSC-native)"
      },
      "17->29": {
        "principal_cos": [
          0.1908,
          0.1253,
          0.1031,
          0.0652,
          0.0449,
          0.0328
        ],
        "mean_cos2": 0.0117,
        "span_null_mean": 0.0209,
        "span_p": 0.5154845118522644,
        "cca_corrs": [
          0.8041,
          0.6658,
          0.1826,
          0.0919,
          0.0412,
          0.0164
        ],
        "cca_mean": 0.3003,
        "cca_p": 0.004975124262273312,
        "procrustes_heldout_r2": 0.0259,
        "codemap_heldout_r2_ab": 0.08,
        "codemap_heldout_r2_ba": 0.171,
        "codemap_null_max": -0.0004,
        "codemap_p": 0.004975124262273312,
        "verdict": "correspondence without raw-basis span match (BSC-native)"
      },
      "22->29": {
        "principal_cos": [
          0.6077,
          0.6066,
          0.5774,
          0.5371,
          0.4818,
          0.4409,
          0.3723,
          0.3517,
          0.3466,
          0.288,
          0.0943,
          0.033
        ],
        "mean_cos2": 0.1884,
        "span_null_mean": 0.0135,
        "span_p": 0.0009990009712055326,
        "cca_corrs": [
          0.9885,
          0.9861,
          0.9805,
          0.9804,
          0.9752,
          0.9735,
          0.9672,
          0.9638,
          0.9568,
          0.9497,
          0.9228,
          0.1223
        ],
        "cca_mean": 0.8972,
        "cca_p": 0.004975124262273312,
        "procrustes_heldout_r2": 0.7782,
        "codemap_heldout_r2_ab": 0.8834,
        "codemap_heldout_r2_ba": 0.8949,
        "codemap_null_max": -0.0021,
        "codemap_p": 0.004975124262273312,
        "verdict": "spans match AND positions correspond"
      }
    }
  },
  "weekday": {
    "n_labeled_tokens": 518,
    "members": {
      "9": [
        11882,
        13460,
        15669,
        18360,
        34888,
        42052
      ],
      "17": [
        4756,
        18792,
        19179,
        49416
      ],
      "22": [
        19491,
        27617,
        54671
      ],
      "29": [
        4756,
        27980,
        28188,
        46255,
        51224,
        54005
      ]
    },
    "pairs": {
      "9->17": {
        "principal_cos": [
          0.5456,
          0.3025,
          0.076,
          0.0374
        ],
        "mean_cos2": 0.0991,
        "span_null_mean": 0.0286,
        "span_p": 0.07092907279729843,
        "cca_corrs": [
          0.9204,
          0.4016,
          0.121,
          0.062
        ],
        "cca_mean": 0.3762,
        "cca_p": 0.004975124262273312,
        "procrustes_heldout_r2": 0.085,
        "codemap_heldout_r2_ab": 0.1146,
        "codemap_heldout_r2_ba": 0.2306,
        "codemap_null_max": 0.0057,
        "codemap_p": 0.004975124262273312,
        "verdict": "correspondence without raw-basis span match (BSC-native)"
      },
      "9->29": {
        "principal_cos": [
          0.178,
          0.1319,
          0.1201,
          0.0129,
          0.0072,
          0.0035
        ],
        "mean_cos2": 0.0106,
        "span_null_mean": 0.0115,
        "span_p": 0.25974026322364807,