{
 "split": "eval",
 "tokens": 1000000,
 "sites": [
  9,
  12,
  15,
  18,
  21,
  24,
  27,
  30
 ],
 "sq_tot": [
  103160515.9140625,
  90550189.4765625,
  105965802.34375,
  194322119.921875,
  367115122.203125,
  516581803.875,
  615042570.46875,
  754064908.90625
 ],
 "sq_tot_renorm": [
  2559854863.7037992,
  2562480970.8756485,
  2574384632.373819,
  2578618310.2342315,
  2580167068.6940813,
  2595097228.8608165,
  2605787113.304414,
  2613401467.0005865
 ],
 "w_whitened": [
  0.03755657565198078,
  0.03296566531531017,
  0.038577867093657944,
  0.07074483229396422,
  0.13365178273723963,
  0.1880665623447454,
  0.22391214916219282,
  0.2745245654009091
 ],
 "w_renorm": [
  0.12384521849201628,
  0.12397226898268768,
  0.12454816552276061,
  0.1247529899317855,
  0.12482791852737546,
  0.12555023641116939,
  0.12606741068278265,
  0.12643579144942255
 ],
 "site_rms_scalars": [
  4.981394290924072,
  5.319681644439697,
  4.928943634033203,
  3.642775535583496,
  2.6510796546936035,
  2.241337537765503,
  2.0583388805389404,
  1.8616528511047363
 ]
}
